matching.site,site.id,site.name,lat,lon,basin.area,constituent,units
RONC02800,RONC02800,Ronc,-20.25,-48.43,100,NO3,mg L^-1
RONC02800,RONC02800,Ronc,-20.25,-48.43,100,PT,mg L^-1
RONC02800,RONC02800,Ronc,-20.25,-48.43,100,Q,cms
MOGU02900,MOGU02900,Mogu,-20.15,-48.63,200,NO3,mg L^-1
MOGU02900,MOGU02900,Mogu,-20.15,-48.63,200,PT,mg L^-1
MOGU02900,MOGU02900,Mogu,-20.15,-48.63,200,Q,cms
ORIZ02900,ORIZ02900,Oriz,-21.41,-47.87,300,NO3,mg L^-1
ORIZ02900,ORIZ02900,Oriz,-21.41,-47.87,300,PT,mg L^-1
ORIZ02900,ORIZ02900,Oriz,-21.41,-47.87,350,Q,cms
